{"cameraMode":{"drawMode":0,"name":"Shaded","section":"Shading Mode"},"sceneLighting":true,"audioPlay":false,"sceneViewState":{"showFog":false,"showMaterialUpdate":false,"showSkybox":false,"showFlares":false,"showImageEffects":false,"showParticleSystems":false},"in2DMode":false,"pivot":{"x":221.80886840820313,"y":158.06549072265626,"z":1.0433058738708497},"rotation":{"x":0.03567727655172348,"y":-0.01739085465669632,"z":-0.0006221680087037385,"w":-0.999211847782135},"size":349.7878112792969,"orthographic":false}