{"cameraMode":{"drawMode":0,"name":"Shaded","section":"Shading Mode"},"sceneLighting":true,"audioPlay":false,"sceneViewState":{"showFog":true,"showMaterialUpdate":true,"showSkybox":true,"showFlares":true,"showImageEffects":true,"showParticleSystems":true},"in2DMode":false,"pivot":{"x":-0.02232564240694046,"y":-0.025505857542157174,"z":-0.00914821494370699},"rotation":{"x":0.16100744903087617,"y":-0.08427826315164566,"z":0.013800843618810177,"w":0.9832514524459839},"size":3.6757616996765138,"orthographic":false}