{"cameraMode":{"drawMode":0,"name":"Shaded","section":"Shading Mode"},"sceneLighting":true,"audioPlay":false,"sceneViewState":{"showFog":true,"showMaterialUpdate":false,"showSkybox":true,"showFlares":true,"showImageEffects":true,"showParticleSystems":true},"in2DMode":false,"pivot":{"x":-0.02232564240694046,"y":-0.025505857542157174,"z":-0.00914821494370699},"rotation":{"x":0.17047256231307984,"y":-0.0014828613493591548,"z":0.00025679159443825483,"w":0.9853612780570984},"size":3.6757616996765138,"orthographic":false}