{"cameraMode":{"drawMode":2,"name":"Shaded Wireframe","section":"Shading Mode"},"sceneLighting":true,"audioPlay":false,"sceneViewState":{"showFog":true,"showMaterialUpdate":false,"showSkybox":true,"showFlares":true,"showImageEffects":true,"showParticleSystems":true},"in2DMode":false,"pivot":{"x":-225.18295288085938,"y":-148.9819793701172,"z":0.3198091387748718},"rotation":{"x":0.18082453310489655,"y":0.206307053565979,"z":-0.03879706934094429,"w":0.9608510136604309},"size":6.291006565093994,"orthographic":false}