{"cameraMode":{"drawMode":2,"name":"Shaded Wireframe","section":"Shading Mode"},"sceneLighting":false,"audioPlay":false,"sceneViewState":{"showFog":true,"showMaterialUpdate":true,"showSkybox":true,"showFlares":true,"showImageEffects":true,"showParticleSystems":true},"in2DMode":false,"pivot":{"x":-221.72711181640626,"y":-142.36773681640626,"z":-0.1790265440940857},"rotation":{"x":0.17259152233600617,"y":0.3913145959377289,"z":-0.07499498873949051,"w":0.9008111953735352},"size":24.220508575439454,"orthographic":false}