{"cameraMode":{"drawMode":2,"name":"Shaded Wireframe","section":"Shading Mode"},"sceneLighting":true,"audioPlay":false,"sceneViewState":{"showFog":true,"showMaterialUpdate":true,"showSkybox":true,"showFlares":true,"showImageEffects":true,"showParticleSystems":true},"in2DMode":false,"pivot":{"x":-229.46673583984376,"y":-148.39698791503907,"z":-4.305233955383301},"rotation":{"x":-0.0034012352116405966,"y":-0.8995139598846436,"z":0.007029797416180372,"w":-0.4368222653865814},"size":10.967057228088379,"orthographic":false}